id, name, date of birth, email address, phone number
1,Adrian Carroll,23/12/1981,demeni@kippujif.bw,(707) 716-4691
2,Cory Gilbert,28/8/1985,am@eta.pt,(677) 500-1613
3,Josie Ballard,16/6/1986,apeazicaf@jutpi.sg,(572) 213-3660
4,Ollie Bryan,12/1/1962,didco@odupuam.lb,(686) 715-1956
5,Jose Terry,6/9/1966,raved@fewcev.bo,(423) 730-5513
6,Thomas Love,23/1/1995,la@cavenaf.pk,(788) 903-1084
7,Leo McCormick,16/10/1968,huihade@nu.tr,(777) 545-9933
8,Patrick Roy,24/3/1966,sefdub@ke.do,(342) 212-6980
9,Mitchell Hodges,20/5/1977,zierse@hiso.an,(214) 288-1552
10,Tommy Daniels,22/5/1958,peha@toiku.vi,(362) 277-2400
11,Carolyn Robertson,29/12/1974,cinih@orwaiwe.gm,(474) 330-2891
12,Lucy Graves,27/8/1961,torelef@vo.sl,(352) 217-3522
13,Tom Gray,25/3/1970,parup@cu.va,(583) 976-5629
14,Roy Cooper,21/4/1988,na@relsab.eg,(501) 882-3714
15,Jesus Evans,30/3/1960,osuakve@zekofba.pr,(878) 590-1194
16,Ola Luna,2/2/1992,irafizme@li.bs,(763) 939-1901
17,Ronnie Floyd,17/8/1966,el@hupuzaz.co,(221) 305-3247
18,Dylan Carter,16/5/1959,ogci@tolhibhaz.pw,(508) 242-2186
19,Corey Austin,25/10/1980,umu@za.nf,(521) 852-9365
20,Cordelia Ball,16/4/1970,dazceghig@giltalo.sm,(381) 884-5564
21,Evelyn Parker,21/1/1982,hatvatbu@namobov.mz,(259) 313-9575
22,Bess Huff,6/4/1971,lojzecgac@oketeb.sh,(354) 742-9855
23,Alejandro Chavez,22/6/1970,sul@mohefego.kp,(948) 255-5527
24,Gilbert Hunter,23/5/1976,arutu@ofujitcu.wf,(646) 733-2164
25,Maud Stevenson,14/11/1999,midkapicu@le.ye,(605) 549-6415
26,Gavin Nichols,13/3/1972,ikututpi@po.edu,(364) 833-8981
27,Jeff Joseph,29/9/1966,edisa@gu.id,(654) 260-8971
28,Chester Carr,15/7/1985,ukbemu@afiis.pf,(241) 618-8663
29,Ruth Richardson,20/12/2002,avu@dub.vg,(768) 791-1503
30,Rosalie Bailey,9/1/1999,care@olo.gf,(240) 721-8726
31,Aiden Coleman,15/6/1972,okiwic@kuwido.as,(372) 942-5470
32,Minnie Padilla,26/1/2004,galrezgel@vobamop.is,(814) 506-5524
33,Edgar Robinson,17/8/1960,lovuz@zeodu.jp,(629) 584-6650
34,Clyde Salazar,24/6/1982,ocrubil@nezzab.ky,(682) 589-6890
35,Max Owens,26/7/2000,ozhul@opa.md,(761) 498-9879
36,Addie Reeves,8/3/1972,pic@zoc.im,(842) 925-2690
37,Russell Riley,12/12/1974,butforsob@gegubce.gu,(784) 475-2421
38,Harold Morris,8/1/1974,uje@du.li,(335) 613-8482
39,Josephine Lucas,15/7/1982,vefbof@bod.tw,(576) 961-9078
40,Jane Beck,2/1/2000,hefeiw@imne.co,(267) 953-2286
41,Franklin Campbell,29/9/1990,eblimwuw@mu.ru,(871) 501-3422
42,Sarah Wright,8/9/1991,op@dinpah.edu,(364) 737-4544
43,Howard Stewart,20/1/1972,ha@ig.pf,(848) 406-8838
44,Jesse Watson,23/3/1974,laatu@atihe.sk,(932) 355-1521
45,Calvin Rhodes,10/6/1995,jo@jizivi.sd,(879) 275-5804
46,Barry Lambert,21/5/1974,janlipok@toemeta.ky,(689) 692-7342
47,Lelia Bowen,11/2/1965,lepinaf@ra.ni,(544) 737-1148
48,Rosalie Santos,12/1/1985,opu@dagoren.cf,(368) 392-8346
49,Lilly Snyder,12/6/1982,udoakje@rip.gr,(439) 866-4375
50,Jerry Moss,28/10/1992,gori@sihsurru.bd,(249) 211-6395
51,Billy Keller,3/2/1975,tudlumufa@af.nr,(386) 855-8784
52,Addie Hernandez,23/4/1981,ovuzeh@iju.sr,(257) 284-6687
53,Ida Greer,4/1/1999,zubted@gocev.nl,(402) 771-2566
54,Daisy Stevens,9/12/1994,ocigu@le.mu,(665) 825-9494
55,Lucas Cooper,7/4/2000,vu@fodzuumu.nz,(369) 708-6877
56,Nina George,3/6/1996,cohbum@tep.bg,(449) 672-8892
57,Dylan Diaz,3/11/1982,tek@kohkigit.fj,(984) 544-8311
58,Blanche Alvarado,10/9/1978,je@fa.dj,(377) 999-1135
59,Chad Beck,18/9/1981,suh@eku.kh,(935) 816-6469
60,Millie Sherman,23/11/1998,uf@simicij.dj,(614) 357-1007
61,Janie Sparks,21/9/1959,ho@ojadug.mv,(632) 512-4701
62,Della Stevens,1/5/1991,vovnus@tep.sr,(687) 940-8603
63,Katharine Lucas,25/11/2001,jazicho@pamapigiw.zm,(969) 332-9451
64,Dollie Scott,23/1/1987,sid@da.nf,(856) 283-4758
65,Kenneth Nichols,26/12/1959,kah@bug.bm,(887) 788-2894
66,Lou Curtis,16/2/1993,infe@lo.to,(826) 679-9085
67,Mitchell Aguilar,11/11/1966,budiseba@ed.cd,(288) 475-9797
68,Marion Kelley,25/9/1971,losi@jacolfi.dk,(310) 217-8374
69,Catherine Robbins,12/7/1989,nob@rinopimic.na,(601) 739-4047
70,Susan Palmer,3/4/1971,hovaf@laz.sl,(834) 215-7769
71,Augusta Richardson,22/10/1980,jev@tulguhi.org,(943) 345-1689
72,John Walters,8/5/2000,sean@pon.sz,(810) 862-5311
73,Theodore Potter,28/5/1994,vulakvi@emuvlul.cx,(357) 248-4387
74,Eugene Wade,21/11/1967,ilug@suvufo.pf,(547) 269-1873
75,Jean Adkins,13/4/1962,wama@jisumo.et,(988) 544-7571
76,Kyle Paul,13/7/1995,poijo@getulet.gi,(419) 999-6932
77,Howard Garcia,20/9/2000,hoviem@ej.cy,(218) 679-1928
78,Sophie Bailey,6/7/1974,dezkiguh@id.sm,(654) 624-7145
79,Clifford Park,28/11/2000,ozubenale@mengok.gq,(905) 841-8433
80,Rose Goodman,16/4/1964,iwjavesa@nezuri.tc,(889) 230-3156
81,Cecelia Bishop,27/8/1963,sopan@dud.bd,(227) 260-9080
82,Micheal Reeves,14/7/1988,minli@gonik.bd,(906) 519-1722
83,Cory Cruz,18/11/1972,rezwusim@pidtem.mu,(456) 860-8333
84,Lily Clark,27/1/1979,le@po.pw,(862) 688-1483
85,Henry Carlson,4/11/1960,imuigu@me.tv,(437) 878-5443
86,Josie Gray,14/1/1997,nanvuoje@gobjunsip.gh,(836) 335-9225
87,Sean Quinn,30/11/1972,deap@dudu.no,(710) 457-1959
88,Essie Soto,18/8/1977,zehlogo@kifok.er,(718) 739-3725
89,Isaac Morton,5/9/2001,hoifasun@simirhu.kw,(405) 630-2549
90,Janie Pratt,8/8/1971,pacol@wowkege.gb,(631) 947-6196
91,Vera Cohen,6/11/1963,riblok@ojo.pn,(602) 222-8765
92,Cameron Lowe,1/8/1977,basewo@hes.pm,(655) 289-7291
93,Tyler Griffith,2/1/1965,rijfevne@tovnowez.bb,(560) 826-9103
94,Melvin Guerrero,11/9/1971,kewhu@jojir.kw,(663) 953-1272
95,Phoebe Jimenez,2/9/1969,fihme@rowo.as,(200) 374-5591
96,Abbie Allen,18/1/1999,vi@im.np,(407) 793-1438
97,Alice Patterson,14/9/1968,ubmi@rasin.cr,(839) 646-4525
98,Eva Page,4/5/1998,ji@reozapo.tj,(556) 741-8511
99,Lucy Kelley,17/2/1995,to@gokiha.pm,(448) 398-5842
100,Jessie Tyler,17/11/2003,vectul@kufwo.ai,(303) 613-6461